Date,MOEX_Close,SP500_Close,USD_RUB
2022-01-02 21:00:00+00:00,3852.5,,
2022-01-03 00:00:00+00:00,3852.5,,74.98600006103516
2022-01-03 05:00:00+00:00,3852.5,4796.56005859375,74.98600006103516
2022-01-03 21:00:00+00:00,3873.489990234375,4796.56005859375,74.98600006103516
2022-01-04 00:00:00+00:00,3873.489990234375,4796.56005859375,74.3718032836914
2022-01-04 05:00:00+00:00,3873.489990234375,4793.5400390625,74.3718032836914
2022-01-04 21:00:00+00:00,3815.050048828125,4793.5400390625,74.3718032836914
2022-01-05 00:00:00+00:00,3815.050048828125,4793.5400390625,75.26300048828125
2022-01-05 05:00:00+00:00,3815.050048828125,4700.580078125,75.26300048828125
2022-01-05 21:00:00+00:00,3753.2900390625,4700.580078125,75.26300048828125
2022-01-06 00:00:00+00:00,3753.2900390625,4700.580078125,76.6615982055664
2022-01-06 05:00:00+00:00,3753.2900390625,4696.0498046875,76.6615982055664
2022-01-07 00:00:00+00:00,3753.2900390625,4696.0498046875,76.35369873046875
2022-01-07 05:00:00+00:00,3753.2900390625,4677.02978515625,76.35369873046875
2022-01-09 21:00:00+00:00,3738.679931640625,4677.02978515625,76.35369873046875
2022-01-10 00:00:00+00:00,3738.679931640625,4677.02978515625,75.44599914550781
2022-01-10 05:00:00+00:00,3738.679931640625,4670.2900390625,75.44599914550781
2022-01-10 21:00:00+00:00,3785.2900390625,4670.2900390625,75.44599914550781
2022-01-11 00:00:00+00:00,3785.2900390625,4670.2900390625,74.85600280761719
2022-01-11 05:00:00+00:00,3785.2900390625,4713.06982421875,74.85600280761719
2022-01-11 21:00:00+00:00,3829.949951171875,4713.06982421875,74.85600280761719
2022-01-12 00:00:00+00:00,3829.949951171875,4713.06982421875,74.45369720458984
2022-01-12 05:00:00+00:00,3829.949951171875,4726.35009765625,74.45369720458984
2022-01-12 21:00:00+00:00,3674.72998046875,4726.35009765625,74.45369720458984
2022-01-13 00:00:00+00:00,3674.72998046875,4726.35009765625,74.56449890136719
2022-01-13 05:00:00+00:00,3674.72998046875,4659.02978515625,74.56449890136719
2022-01-13 21:00:00+00:00,3596.97998046875,4659.02978515625,74.56449890136719
2022-01-14 00:00:00+00:00,3596.97998046875,4659.02978515625,76.30599975585938
2022-01-14 05:00:00+00:00,3596.97998046875,4662.85009765625,76.30599975585938
2022-01-16 21:00:00+00:00,3560.35009765625,4662.85009765625,76.30599975585938
2022-01-17 00:00:00+00:00,3560.35009765625,4662.85009765625,76.32450103759766
2022-01-17 21:00:00+00:00,3328.93994140625,4662.85009765625,76.32450103759766
2022-01-18 00:00:00+00:00,3328.93994140625,4662.85009765625,76.06199645996094
2022-01-18 05:00:00+00:00,3328.93994140625,4577.10986328125,76.06199645996094
2022-01-18 21:00:00+00:00,3436.820068359375,4577.10986328125,76.06199645996094
2022-01-19 00:00:00+00:00,3436.820068359375,4577.10986328125,76.80850219726562
2022-01-19 05:00:00+00:00,3436.820068359375,4532.759765625,76.80850219726562
2022-01-19 21:00:00+00:00,3516.02001953125,4532.759765625,76.80850219726562
2022-01-20 00:00:00+00:00,3516.02001953125,4532.759765625,76.31659698486328
2022-01-20 05:00:00+00:00,3516.02001953125,4482.72998046875,76.31659698486328
2022-01-20 21:00:00+00:00,3439.25,4482.72998046875,76.31659698486328
2022-01-21 00:00:00+00:00,3439.25,4482.72998046875,76.09130096435547
2022-01-21 05:00:00+00:00,3439.25,4397.93994140625,76.09130096435547
2022-01-23 21:00:00+00:00,3235.280029296875,4397.93994140625,76.09130096435547
2022-01-24 00:00:00+00:00,3235.280029296875,4397.93994140625,77.40599822998047
2022-01-24 05:00:00+00:00,3235.280029296875,4410.1298828125,77.40599822998047
2022-01-24 21:00:00+00:00,3258.739990234375,4410.1298828125,77.40599822998047
2022-01-25 00:00:00+00:00,3258.739990234375,4410.1298828125,78.65350341796875
2022-01-25 05:00:00+00:00,3258.739990234375,4356.4501953125,78.65350341796875
2022-01-25 21:00:00+00:00,3357.659912109375,4356.4501953125,78.65350341796875
2022-01-26 00:00:00+00:00,3357.659912109375,4356.4501953125,78.73570251464844
2022-01-26 05:00:00+00:00,3357.659912109375,4349.93017578125,78.73570251464844
2022-01-26 21:00:00+00:00,3455.929931640625,4349.93017578125,78.73570251464844
2022-01-27 00:00:00+00:00,3455.929931640625,4349.93017578125,79.19960021972656
2022-01-27 05:00:00+00:00,3455.929931640625,4326.509765625,79.19960021972656
2022-01-27 21:00:00+00:00,3488.60009765625,4326.509765625,79.19960021972656
2022-01-28 00:00:00+00:00,3488.60009765625,4326.509765625,78.07250213623047
2022-01-28 05:00:00+00:00,3488.60009765625,4431.85009765625,78.07250213623047
2022-01-30 21:00:00+00:00,3530.3798828125,4431.85009765625,78.07250213623047
2022-01-31 00:00:00+00:00,3530.3798828125,4431.85009765625,77.73580169677734
2022-01-31 05:00:00+00:00,3530.3798828125,4515.5498046875,77.73580169677734
2022-01-31 21:00:00+00:00,3548.169921875,4515.5498046875,77.73580169677734
2022-02-01 00:00:00+00:00,3548.169921875,4515.5498046875,77.30780029296875
2022-02-01 05:00:00+00:00,3548.169921875,4546.5400390625,77.30780029296875
2022-02-01 21:00:00+00:00,3543.800048828125,4546.5400390625,77.30780029296875
2022-02-02 00:00:00+00:00,3543.800048828125,4546.5400390625,76.69159698486328
2022-02-02 05:00:00+00:00,3543.800048828125,4589.3798828125,76.69159698486328
2022-02-02 21:00:00+00:00,3471.179931640625,4589.3798828125,76.69159698486328
2022-02-03 00:00:00+00:00,3471.179931640625,4589.3798828125,76.1729965209961
2022-02-03 05:00:00+00:00,3471.179931640625,4477.43994140625,76.1729965209961
2022-02-03 21:00:00+00:00,3471.010009765625,4477.43994140625,76.1729965209961
2022-02-04 00:00:00+00:00,3471.010009765625,4477.43994140625,76.4114990234375
2022-02-04 05:00:00+00:00,3471.010009765625,4500.52978515625,76.4114990234375
2022-02-06 21:00:00+00:00,3470.780029296875,4500.52978515625,76.4114990234375
2022-02-07 00:00:00+00:00,3470.780029296875,4500.52978515625,75.82779693603516
2022-02-07 05:00:00+00:00,3470.780029296875,4483.8701171875,75.82779693603516
2022-02-07 21:00:00+00:00,3551.64990234375,4483.8701171875,75.82779693603516
2022-02-08 00:00:00+00:00,3551.64990234375,4483.8701171875,75.41739654541016
2022-02-08 05:00:00+00:00,3551.64990234375,4521.5400390625,75.41739654541016
2022-02-08 21:00:00+00:00,3638.929931640625,4521.5400390625,75.41739654541016
2022-02-09 00:00:00+00:00,3638.929931640625,4521.5400390625,75.0354995727539
2022-02-09 05:00:00+00:00,3638.929931640625,4587.18017578125,75.0354995727539
2022-02-09 21:00:00+00:00,3655.760009765625,4587.18017578125,75.0354995727539
2022-02-10 00:00:00+00:00,3655.760009765625,4587.18017578125,74.71019744873047
2022-02-10 05:00:00+00:00,3655.760009765625,4504.080078125,74.71019744873047
2022-02-10 21:00:00+00:00,3546.6201171875,4504.080078125,74.71019744873047
2022-02-11 00:00:00+00:00,3546.6201171875,4504.080078125,75.02729797363281
2022-02-11 05:00:00+00:00,3546.6201171875,4418.64013671875,75.02729797363281
2022-02-13 21:00:00+00:00,3481.3798828125,4418.64013671875,75.02729797363281
2022-02-14 00:00:00+00:00,3481.3798828125,4418.64013671875,77.45439910888672
2022-02-14 05:00:00+00:00,3481.3798828125,4401.669921875,77.45439910888672
2022-02-14 21:00:00+00:00,3600.2900390625,4401.669921875,77.45439910888672
2022-02-15 00:00:00+00:00,3600.2900390625,4401.669921875,76.4854965209961
2022-02-15 05:00:00+00:00,3600.2900390625,4471.06982421875,76.4854965209961
2022-02-15 21:00:00+00:00,3646.409912109375,4471.06982421875,76.4854965209961
2022-02-16 00:00:00+00:00,3646.409912109375,4471.06982421875,75.4729995727539
2022-02-16 05:00:00+00:00,3646.409912109375,4475.009765625,75.4729995727539
2022-02-16 21:00:00+00:00,3511.080078125,4475.009765625,75.4729995727539
2022-02-17 00:00:00+00:00,3511.080078125,4475.009765625,75.03450012207031
2022-02-17 05:00:00+00:00,3511.080078125,4380.259765625,75.03450012207031
2022-02-17 21:00:00+00:00,3393.31005859375,4380.259765625,75.03450012207031
2022-02-18 00:00:00+00:00,3393.31005859375,4380.259765625,76.12860107421875
2022-02-18 05:00:00+00:00,3393.31005859375,4348.8701171875,76.12860107421875
2022-02-20 21:00:00+00:00,3036.8798828125,4348.8701171875,76.12860107421875
2022-02-21 00:00:00+00:00,3036.8798828125,4348.8701171875,77.36579895019531
2022-02-21 21:00:00+00:00,3084.739990234375,4348.8701171875,77.36579895019531
2022-02-22 00:00:00+00:00,3084.739990234375,4348.8701171875,80.38300323486328
2022-02-22 05:00:00+00:00,3084.739990234375,4304.759765625,80.38300323486328
2022-02-23 00:00:00+00:00,3084.739990234375,4304.759765625,78.80950164794922
2022-02-23 05:00:00+00:00,3084.739990234375,4225.5,78.80950164794922
2022-02-23 21:00:00+00:00,2058.1201171875,4225.5,78.80950164794922
2022-02-24 00:00:00+00:00,2058.1201171875,4225.5,81.41439819335938
2022-02-24 05:00:00+00:00,2058.1201171875,4288.7001953125,81.41439819335938
2022-02-24 21:00:00+00:00,2470.47998046875,4288.7001953125,81.41439819335938
2022-02-25 00:00:00+00:00,2470.47998046875,4288.7001953125,84.91500091552734
2022-02-25 05:00:00+00:00,2470.47998046875,4384.64990234375,84.91500091552734
2022-02-28 00:00:00+00:00,2470.47998046875,4384.64990234375,83.26100158691406
2022-02-28 05:00:00+00:00,2470.47998046875,4373.93994140625,83.26100158691406
2022-03-01 00:00:00+00:00,2470.47998046875,4373.93994140625,104.97350311279297
2022-03-01 05:00:00+00:00,2470.47998046875,4306.259765625,104.97350311279297
2022-03-02 00:00:00+00:00,2470.47998046875,4306.259765625,108.47949981689453
2022-03-02 05:00:00+00:00,2470.47998046875,4386.5400390625,108.47949981689453
2022-03-03 00:00:00+00:00,2470.47998046875,4386.5400390625,102.71499633789062
2022-03-03 05:00:00+00:00,2470.47998046875,4363.490234375,102.71499633789062
2022-03-04 00:00:00+00:00,2470.47998046875,4363.490234375,109.46499633789062
2022-03-04 05:00:00+00:00,2470.47998046875,4328.8701171875,109.46499633789062
2022-03-07 00:00:00+00:00,2470.47998046875,4328.8701171875,108.84510040283203
2022-03-07 05:00:00+00:00,2470.47998046875,4201.08984375,108.84510040283203
2022-03-08 00:00:00+00:00,2470.47998046875,4201.08984375,138.96510314941406
2022-03-08 05:00:00+00:00,2470.47998046875,4170.7001953125,138.96510314941406
2022-03-09 00:00:00+00:00,2470.47998046875,4170.7001953125,129.96499633789062
2022-03-09 05:00:00+00:00,2470.47998046875,4277.8798828125,129.96499633789062
2022-03-10 00:00:00+00:00,2470.47998046875,4277.8798828125,138.71499633789062
2022-03-10 05:00:00+00:00,2470.47998046875,4259.52001953125,138.71499633789062
2022-03-11 00:00:00+00:00,2470.47998046875,4259.52001953125,133.46499633789062
2022-03-11 05:00:00+00:00,2470.47998046875,4204.31005859375,133.46499633789062
2022-03-14 00:00:00+00:00,2470.47998046875,4204.31005859375,132.0886993408203
2022-03-14 04:00:00+00:00,2470.47998046875,4173.10986328125,132.0886993408203
2022-03-15 00:00:00+00:00,2470.47998046875,4173.10986328125,119.96499633789062
2022-03-15 04:00:00+00:00,2470.47998046875,4262.4501953125,119.96499633789062
2022-03-16 00:00:00+00:00,2470.47998046875,4262.4501953125,108.27749633789062
2022-03-16 04:00:00+00:00,2470.47998046875,4357.85986328125,108.27749633789062
2022-03-17 00:00:00+00:00,2470.47998046875,4357.85986328125,100.96510314941406
2022-03-17 04:00:00+00:00,2470.47998046875,4411.669921875,100.96510314941406
2022-03-18 00:00:00+00:00,2470.47998046875,4411.669921875,103.08999633789062
2022-03-18 04:00:00+00:00,2470.47998046875,4463.1201171875,103.08999633789062
2022-03-21 00:00:00+00:00,2470.47998046875,4463.1201171875,132.0886993408203
2022-03-21 04:00:00+00:00,2470.47998046875,4461.18017578125,132.0886993408203
2022-03-22 00:00:00+00:00,2470.47998046875,4461.18017578125,106.61499786376953
2022-03-22 04:00:00+00:00,2470.47998046875,4511.60986328125,106.61499786376953
2022-03-23 00:00:00+00:00,2470.47998046875,4511.60986328125,105.96499633789062
2022-03-23 04:00:00+00:00,2470.47998046875,4456.240234375,105.96499633789062
2022-03-23 21:00:00+00:00,2578.510009765625,4456.240234375,105.96499633789062
2022-03-24 00:00:00+00:00,2578.510009765625,4456.240234375,96.71499633789062
2022-03-24 04:00:00+00:00,2578.510009765625,4520.16015625,96.71499633789062
2022-03-24 21:00:00+00:00,2484.1298828125,4520.16015625,96.71499633789062
2022-03-25 00:00:00+00:00,2484.1298828125,4520.16015625,102.21499633789062
2022-03-25 04:00:00+00:00,2484.1298828125,4543.06005859375,102.21499633789062
2022-03-27 21:00:00+00:00,2430.699951171875,4543.06005859375,102.21499633789062
2022-03-27 23:00:00+00:00,2430.699951171875,4543.06005859375,100.83999633789062
2022-03-28 04:00:00+00:00,2430.699951171875,4575.52001953125,100.83999633789062
2022-03-28 21:00:00+00:00,2408.489990234375,4575.52001953125,100.83999633789062
2022-03-28 23:00:00+00:00,2408.489990234375,4575.52001953125,97.96510314941406
2022-03-29 04:00:00+00:00,2408.489990234375,4631.60009765625,97.96510314941406
2022-03-29 21:00:00+00:00,2513.030029296875,4631.60009765625,97.96510314941406
2022-03-29 23:00:00+00:00,2513.030029296875,4631.60009765625,87.46499633789062
2022-03-30 04:00:00+00:00,2513.030029296875,4602.4501953125,87.46499633789062
2022-03-30 21:00:00+00:00,2703.510009765625,4602.4501953125,87.46499633789062
2022-03-30 23:00:00+00:00,2703.510009765625,4602.4501953125,83.46499633789062
2022-03-31 04:00:00+00:00,2703.510009765625,4530.41015625,83.46499633789062
2022-03-31 21:00:00+00:00,2759.639892578125,4530.41015625,83.46499633789062
2022-03-31 23:00:00+00:00,2759.639892578125,4530.41015625,81.71499633789062
2022-04-01 04:00:00+00:00,2759.639892578125,4545.85986328125,81.71499633789062
2022-04-03 21:00:00+00:00,2787.68994140625,4545.85986328125,81.71499633789062
2022-04-03 23:00:00+00:00,2787.68994140625,4545.85986328125,84.21499633789062
2022-04-04 04:00:00+00:00,2787.68994140625,4582.64013671875,84.21499633789062
2022-04-04 21:00:00+00:00,2662.7900390625,4582.64013671875,84.21499633789062
2022-04-04 23:00:00+00:00,2662.7900390625,4582.64013671875,83.71499633789062
2022-04-05 04:00:00+00:00,2662.7900390625,4525.1201171875,83.71499633789062
2022-04-05 21:00:00+00:00,2611.429931640625,4525.1201171875,83.71499633789062
2022-04-05 23:00:00+00:00,2611.429931640625,4525.1201171875,83.96499633789062
2022-04-06 04:00:00+00:00,2611.429931640625,4481.14990234375,83.96499633789062
2022-04-06 21:00:00+00:00,2635.389892578125,4481.14990234375,83.96499633789062
2022-04-06 23:00:00+00:00,2635.389892578125,4481.14990234375,82.08999633789062
2022-04-07 04:00:00+00:00,2635.389892578125,4500.2099609375,82.08999633789062
2022-04-07 21:00:00+00:00,2592.719970703125,4500.2099609375,82.08999633789062
2022-04-07 23:00:00+00:00,2592.719970703125,4500.2099609375,79.21499633789062
2022-04-08 04:00:00+00:00,2592.719970703125,4488.27978515625,79.21499633789062
2022-04-10 21:00:00+00:00,2557.159912109375,4488.27978515625,79.21499633789062
2022-04-10 23:00:00+00:00,2557.159912109375,4488.27978515625,85.08999633789062
2022-04-11 04:00:00+00:00,2557.159912109375,4412.52978515625,85.08999633789062
2022-04-11 21:00:00+00:00,2540.989990234375,4412.52978515625,85.08999633789062
2022-04-11 23:00:00+00:00,2540.989990234375,4412.52978515625,83.46499633789062
2022-04-12 04:00:00+00:00,2540.989990234375,4397.4501953125,83.46499633789062
2022-04-12 21:00:00+00:00,2528.419921875,4397.4501953125,83.46499633789062
2022-04-12 23:00:00+00:00,2528.419921875,4397.4501953125,85.33999633789062
2022-04-13 04:00:00+00:00,2528.419921875,4446.58984375,85.33999633789062
2022-04-13 21:00:00+00:00,2404.72998046875,4446.58984375,85.33999633789062
2022-04-13 23:00:00+00:00,2404.72998046875,4446.58984375,82.38999938964844
2022-04-14 04:00:00+00:00,2404.72998046875,4392.58984375,82.38999938964844
2022-04-14 21:00:00+00:00,2424.989990234375,4392.58984375,82.38999938964844
2022-04-14 23:00:00+00:00,2424.989990234375,4392.58984375,82.58999633789062
2022-04-17 21:00:00+00:00,2342.6298828125,4392.58984375,82.58999633789062
2022-04-17 23:00:00+00:00,2342.6298828125,4392.58984375,80.71499633789062
2022-04-18 04:00:00+00:00,2342.6298828125,4391.68994140625,80.71499633789062
2022-04-18 21:00:00+00:00,2317.4599609375,4391.68994140625,80.71499633789062
2022-04-18 23:00:00+00:00,2317.4599609375,4391.68994140625,81.08999633789062
2022-04-19 04:00:00+00:00,2317.4599609375,4462.2099609375,81.08999633789062
2022-04-19 21:00:00+00:00,2330.72998046875,4462.2099609375,81.08999633789062
2022-04-19 23:00:00+00:00,2330.72998046875,4462.2099609375,80.96499633789062
2022-04-20 04:00:00+00:00,2330.72998046875,4459.4501953125,80.96499633789062
2022-04-20 21:00:00+00:00,2271.050048828125,4459.4501953125,80.96499633789062
2022-04-20 23:00:00+00:00,2271.050048828125,4459.4501953125,82.73999786376953
2022-04-21 04:00:00+00:00,2271.050048828125,4393.66015625,82.73999786376953
2022-04-21 21:00:00+00:00,2232.22998046875,4393.66015625,82.73999786376953
2022-04-21 23:00:00+00:00,2232.22998046875,4393.66015625,80.83999633789062
2022-04-22 04:00:00+00:00,2232.22998046875,4271.77978515625,80.83999633789062
2022-04-24 21:00:00+00:00,2186.219970703125,4271.77978515625,80.83999633789062
2022-04-24 23:00:00+00:00,2186.219970703125,4271.77978515625,77.33999633789062
2022-04-25 04:00:00+00:00,2186.219970703125,4296.1201171875,77.33999633789062
2022-04-25 21:00:00+00:00,2318.4599609375,4296.1201171875,77.33999633789062
2022-04-25 23:00:00+00:00,2318.4599609375,4296.1201171875,75.73999786376953
2022-04-26 04:00:00+00:00,2318.4599609375,4175.2001953125,75.73999786376953
2022-04-26 21:00:00+00:00,2424.280029296875,4175.2001953125,75.73999786376953
2022-04-26 23:00:00+00:00,2424.280029296875,4175.2001953125,74.21499633789062
2022-04-27 04:00:00+00:00,2424.280029296875,4183.9599609375,74.21499633789062
2022-04-27 21:00:00+00:00,2383.659912109375,4183.9599609375,74.21499633789062
2022-04-27 23:00:00+00:00,2383.659912109375,4183.9599609375,73.83999633789062
2022-04-28 04:00:00+00:00,2383.659912109375,4287.5,73.83999633789062
2022-04-28 21:00:00+00:00,2445.169921875,4287.5,73.83999633789062
2022-04-28 23:00:00+00:00,2445.169921875,4287.5,72.71499633789062
2022-04-29 04:00:00+00:00,2445.169921875,4131.93017578125,72.71499633789062
2022-05-01 23:00:00+00:00,2445.169921875,4131.93017578125,73.31500244140625
2022-05-02 04:00:00+00:00,2445.169921875,4155.3798828125,73.31500244140625
2022-05-02 23:00:00+00:00,2445.169921875,4155.3798828125,70.56500244140625
2022-05-03 04:00:00+00:00,2445.169921875,4175.47998046875,70.56500244140625
2022-05-03 21:00:00+00:00,2373.159912109375,4175.47998046875,70.56500244140625
2022-05-03 23:00:00+00:00,2373.159912109375,4175.47998046875,67.21489715576172
2022-05-04 04:00:00+00:00,2373.159912109375,4300.169921875,67.21489715576172
2022-05-04 21:00:00+00:00,2404.800048828125,4300.169921875,67.21489715576172
2022-05-04 23:00:00+00:00,2404.800048828125,4300.169921875,66.96499633789062
2022-05-05 04:00:00+00:00,2404.800048828125,4146.8701171875,66.96499633789062
2022-05-05 21:00:00+00:00,2393.030029296875,4146.8701171875,66.96499633789062
2022-05-05 23:00:00+00:00,2393.030029296875,4146.8701171875,64.79000091552734
2022-05-06 04:00:00+00:00,2393.030029296875,4123.33984375,64.79000091552734
2022-05-08 23:00:00+00:00,2393.030029296875,4123.33984375,68.96499633789062
2022-05-09 04:00:00+00:00,2393.030029296875,3991.239990234375,68.96499633789062
2022-05-09 23:00:00+00:00,2393.030029296875,3991.239990234375,69.83999633789062
2022-05-10 04:00:00+00:00,2393.030029296875,4001.050048828125,69.83999633789062
2022-05-10 21:00:00+00:00,2387.139892578125,4001.050048828125,69.83999633789062
2022-05-10 23:00:00+00:00,2387.139892578125,4001.050048828125,69.83999633789062
2022-05-11 04:00:00+00:00,2387.139892578125,3935.179931640625,69.83999633789062
2022-05-11 21:00:00+00:00,2297.889892578125,3935.179931640625,69.83999633789062
2022-05-11 23:00:00+00:00,2297.889892578125,3935.179931640625,66.71499633789062
2022-05-12 04:00:00+00:00,2297.889892578125,3930.080078125,66.71499633789062
2022-05-12 21:00:00+00:00,2307.5,3930.080078125,66.71499633789062
2022-05-12 23:00:00+00:00,2307.5,3930.080078125,65.08999633789062
2022-05-13 04:00:00+00:00,2307.5,4023.889892578125,65.08999633789062
2022-05-15 21:00:00+00:00,2364.60009765625,4023.889892578125,65.08999633789062
2022-05-15 23:00:00+00:00,2364.60009765625,4023.889892578125,66.46499633789062
2022-05-16 04:00:00+00:00,2364.60009765625,4008.010009765625,66.46499633789062
2022-05-16 21:00:00+00:00,2424.10009765625,4008.010009765625,66.46499633789062
2022-05-16 23:00:00+00:00,2424.10009765625,4008.010009765625,64.58999633789062
2022-05-17 04:00:00+00:00,2424.10009765625,4088.85009765625,64.58999633789062
2022-05-17 21:00:00+00:00,2445.300048828125,4088.85009765625,64.58999633789062
2022-05-17 23:00:00+00:00,2445.300048828125,4088.85009765625,64.96499633789062
2022-05-18 04:00:00+00:00,2445.300048828125,3923.679931640625,64.96499633789062
2022-05-18 21:00:00+00:00,2436.570068359375,3923.679931640625,64.96499633789062
2022-05-18 23:00:00+00:00,2436.570068359375,3923.679931640625,64.21499633789062
2022-05-19 04:00:00+00:00,2436.570068359375,3900.7900390625,64.21499633789062
2022-05-19 21:00:00+00:00,2373.260009765625,3900.7900390625,64.21499633789062
2022-05-19 23:00:00+00:00,2373.260009765625,3900.7900390625,62.09000015258789
2022-05-20 04:00:00+00:00,2373.260009765625,3901.360107421875,62.09000015258789
2022-05-22 21:00:00+00:00,2301.85009765625,3901.360107421875,62.09000015258789
2022-05-22 23:00:00+00:00,2301.85009765625,3901.360107421875,62.46500015258789
2022-05-23 04:00:00+00:00,2301.85009765625,3973.75,62.46500015258789
2022-05-23 21:00:00+00:00,2293.6201171875,3973.75,62.46500015258789
2022-05-23 23:00:00+00:00,2293.6201171875,3973.75,58.540000915527344
2022-05-24 04:00:00+00:00,2293.6201171875,3941.47998046875,58.540000915527344
2022-05-24 21:00:00+00:00,2340.179931640625,3941.47998046875,58.540000915527344
2022-05-24 23:00:00+00:00,2340.179931640625,3941.47998046875,57.089900970458984
2022-05-25 04:00:00+00:00,2340.179931640625,3978.72998046875,57.089900970458984
2022-05-25 21:00:00+00:00,2413.06005859375,3978.72998046875,57.089900970458984
2022-05-25 23:00:00+00:00,2413.06005859375,3978.72998046875,60.315101623535156
2022-05-26 04:00:00+00:00,2413.06005859375,4057.840087890625,60.315101623535156
2022-05-26 21:00:00+00:00,2407.590087890625,4057.840087890625,60.315101623535156
2022-05-26 23:00:00+00:00,2407.590087890625,4057.840087890625,64.21499633789062
2022-05-27 04:00:00+00:00,2407.590087890625,4158.240234375,64.21499633789062
2022-05-29 21:00:00+00:00,2400.389892578125,4158.240234375,64.21499633789062
2022-05-29 23:00:00+00:00,2400.389892578125,4158.240234375,66.46499633789062
2022-05-30 21:00:00+00:00,2355.75,4158.240234375,66.46499633789062
2022-05-30 23:00:00+00:00,2355.75,4158.240234375,64.58989715576172
2022-05-31 04:00:00+00:00,2355.75,4132.14990234375,64.58989715576172
2022-05-31 21:00:00+00:00,2374.60009765625,4132.14990234375,64.58989715576172
2022-05-31 23:00:00+00:00,2374.60009765625,4132.14990234375,62.71500015258789
2022-06-01 04:00:00+00:00,2374.60009765625,4101.22998046875,62.71500015258789
2022-06-01 21:00:00+00:00,2340.169921875,4101.22998046875,62.71500015258789
2022-06-01 23:00:00+00:00,2340.169921875,4101.22998046875,63.46500015258789
2022-06-02 04:00:00+00:00,2340.169921875,4176.81982421875,63.46500015258789
2022-06-02 21:00:00+00:00,2308.030029296875,4176.81982421875,63.46500015258789
2022-06-02 23:00:00+00:00,2308.030029296875,4176.81982421875,63.46500015258789
2022-06-03 04:00:00+00:00,2308.030029296875,4108.5400390625,63.46500015258789
2022-06-05 21:00:00+00:00,2282.159912109375,4108.5400390625,63.46500015258789
2022-06-05 23:00:00+00:00,2282.159912109375,4108.5400390625,63.21500015258789
2022-06-06 04:00:00+00:00,2282.159912109375,4121.43017578125,63.21500015258789
2022-06-06 21:00:00+00:00,2291.6201171875,4121.43017578125,63.21500015258789
2022-06-06 23:00:00+00:00,2291.6201171875,4121.43017578125,61.34000015258789
2022-06-07 04:00:00+00:00,2291.6201171875,4160.68017578125,61.34000015258789
2022-06-07 21:00:00+00:00,2318.85009765625,4160.68017578125,61.34000015258789
2022-06-07 23:00:00+00:00,2318.85009765625,4160.68017578125,62.464900970458984
2022-06-08 04:00:00+00:00,2318.85009765625,4115.77001953125,62.464900970458984
2022-06-08 21:00:00+00:00,2293.989990234375,4115.77001953125,62.464900970458984
2022-06-08 23:00:00+00:00,2293.989990234375,4115.77001953125,59.9650993347168
2022-06-09 04:00:00+00:00,2293.989990234375,4017.820068359375,59.9650993347168
2022-06-09 21:00:00+00:00,2285.52001953125,4017.820068359375,59.9650993347168
2022-06-09 23:00:00+00:00,2285.52001953125,4017.820068359375,57.96500015258789
2022-06-10 04:00:00+00:00,2285.52001953125,3900.860107421875,57.96500015258789
2022-06-12 23:00:00+00:00,2285.52001953125,3900.860107421875,110.67410278320312
2022-06-13 04:00:00+00:00,2285.52001953125,3749.6298828125,110.67410278320312
2022-06-13 21:00:00+00:00,2289.75,3749.6298828125,110.67410278320312
2022-06-13 23:00:00+00:00,2289.75,3749.6298828125,57.71500015258789
2022-06-14 04:00:00+00:00,2289.75,3735.47998046875,57.71500015258789
2022-06-14 21:00:00+00:00,2318.9599609375,3735.47998046875,57.71500015258789
2022-06-14 23:00:00+00:00,2318.9599609375,3735.47998046875,58.34000015258789
2022-06-15 04:00:00+00:00,2318.9599609375,3789.989990234375,58.34000015258789
2022-06-15 21:00:00+00:00,2369.75,3789.989990234375,58.34000015258789
2022-06-15 23:00:00+00:00,2369.75,3789.989990234375,57.21500015258789
2022-06-16 04:00:00+00:00,2369.75,3666.77001953125,57.21500015258789
2022-06-16 21:00:00+00:00,2353.97998046875,3666.77001953125,57.21500015258789
2022-06-16 23:00:00+00:00,2353.97998046875,3666.77001953125,57.339900970458984
2022-06-17 04:00:00+00:00,2353.97998046875,3674.840087890625,57.339900970458984
2022-06-19 21:00:00+00:00,2404.39990234375,3674.840087890625,57.339900970458984
2022-06-19 23:00:00+00:00,2404.39990234375,3674.840087890625,56.71500015258789
2022-06-20 21:00:00+00:00,2358.81005859375,3674.840087890625,56.71500015258789
2022-06-20 23:00:00+00:00,2358.81005859375,3674.840087890625,54.71500015258789
2022-06-21 04:00:00+00:00,2358.81005859375,3764.7900390625,54.71500015258789
2022-06-21 21:00:00+00:00,2373.52001953125,3764.7900390625,54.71500015258789
2022-06-21 23:00:00+00:00,2373.52001953125,3764.7900390625,53.84000015258789
2022-06-22 04:00:00+00:00,2373.52001953125,3759.889892578125,53.84000015258789
2022-06-22 21:00:00+00:00,2404.5400390625,3759.889892578125,53.84000015258789
2022-06-22 23:00:00+00:00,2404.5400390625,3759.889892578125,54.96500015258789
2022-06-23 04:00:00+00:00,2404.5400390625,3795.72998046875,54.96500015258789
2022-06-23 21:00:00+00:00,2391.510009765625,3795.72998046875,54.96500015258789
2022-06-23 23:00:00+00:00,2391.510009765625,3795.72998046875,54.46500015258789
2022-06-24 04:00:00+00:00,2391.510009765625,3911.739990234375,54.46500015258789
2022-06-26 21:00:00+00:00,2417.06005859375,3911.739990234375,54.46500015258789
2022-06-26 23:00:00+00:00,2417.06005859375,3911.739990234375,53.3650016784668
2022-06-27 04:00:00+00:00,2417.06005859375,3900.110107421875,53.3650016784668
2022-06-27 21:00:00+00:00,2408.75,3900.110107421875,53.3650016784668
2022-06-27 23:00:00+00:00,2408.75,3900.110107421875,53.09000015258789
2022-06-28 04:00:00+00:00,2408.75,3821.550048828125,53.09000015258789
2022-06-28 21:00:00+00:00,2378.550048828125,3821.550048828125,53.09000015258789
2022-06-28 23:00:00+00:00,2378.550048828125,3821.550048828125,53.714900970458984
2022-06-29 04:00:00+00:00,2378.550048828125,3818.830078125,53.714900970458984
2022-06-29 21:00:00+00:00,2204.85009765625,3818.830078125,53.714900970458984
2022-06-29 23:00:00+00:00,2204.85009765625,3818.830078125,52.4650993347168
2022-06-30 04:00:00+00:00,2204.85009765625,3785.3798828125,52.4650993347168
2022-06-30 21:00:00+00:00,2206.610107421875,3785.3798828125,52.4650993347168
2022-06-30 23:00:00+00:00,2206.610107421875,3785.3798828125,54.84000015258789
2022-07-01 04:00:00+00:00,2206.610107421875,3825.330078125,54.84000015258789
2022-07-03 21:00:00+00:00,2204.659912109375,3825.330078125,54.84000015258789
2022-07-03 23:00:00+00:00,2204.659912109375,3825.330078125,53.23749923706055
2022-07-04 21:00:00+00:00,2226.639892578125,3825.330078125,53.23749923706055
2022-07-04 23:00:00+00:00,2226.639892578125,3825.330078125,54.5
2022-07-05 04:00:00+00:00,2226.639892578125,3831.389892578125,54.5
2022-07-05 21:00:00+00:00,2221.8798828125,3831.389892578125,54.5
2022-07-05 23:00:00+00:00,2221.8798828125,3831.389892578125,63.4650993347168
2022-07-06 04:00:00+00:00,2221.8798828125,3845.080078125,63.4650993347168
2022-07-06 21:00:00+00:00,2226.64990234375,3845.080078125,63.4650993347168
2022-07-06 23:00:00+00:00,2226.64990234375,3845.080078125,63.51499938964844
2022-07-07 04:00:00+00:00,2226.64990234375,3902.6201171875,63.51499938964844
2022-07-07 21:00:00+00:00,2222.510009765625,3902.6201171875,63.51499938964844
2022-07-07 23:00:00+00:00,2222.510009765625,3902.6201171875,63.040000915527344
2022-07-08 04:00:00+00:00,2222.510009765625,3899.3798828125,63.040000915527344
2022-07-10 21:00:00+00:00,2162.340087890625,3899.3798828125,63.040000915527344
2022-07-10 23:00:00+00:00,2162.340087890625,3899.3798828125,64.86499786376953
2022-07-11 04:00:00+00:00,2162.340087890625,3854.429931640625,64.86499786376953
2022-07-11 21:00:00+00:00,2133.77001953125,3854.429931640625,64.86499786376953
2022-07-11 23:00:00+00:00,2133.77001953125,3854.429931640625,60.91999816894531
2022-07-12 04:00:00+00:00,2133.77001953125,3818.800048828125,60.91999816894531
2022-07-12 21:00:00+00:00,2073.679931640625,3818.800048828125,60.91999816894531
2022-07-12 23:00:00+00:00,2073.679931640625,3818.800048828125,58.38999938964844
2022-07-13 04:00:00+00:00,2073.679931640625,3801.780029296875,58.38999938964844
2022-07-13 21:00:00+00:00,2063.300048828125,3801.780029296875,58.38999938964844
2022-07-13 23:00:00+00:00,2063.300048828125,3801.780029296875,58.439998626708984
2022-07-14 04:00:00+00:00,2063.300048828125,3790.3798828125,58.439998626708984
2022-07-14 21:00:00+00:00,2109.52001953125,3790.3798828125,58.439998626708984
2022-07-14 23:00:00+00:00,2109.52001953125,3790.3798828125,58.2400016784668
2022-07-15 04:00:00+00:00,2109.52001953125,3863.159912109375,58.2400016784668
2022-07-17 21:00:00+00:00,2096.419921875,3863.159912109375,58.2400016784668
2022-07-17 23:00:00+00:00,2096.419921875,3863.159912109375,110.67410278320312
2022-07-18 04:00:00+00:00,2096.419921875,3830.85009765625,110.67410278320312
2022-07-18 21:00:00+00:00,2071.280029296875,3830.85009765625,110.67410278320312
2022-07-18 23:00:00+00:00,2071.280029296875,3830.85009765625,57.71500015258789
2022-07-19 04:00:00+00:00,2071.280029296875,3936.68994140625,57.71500015258789
2022-07-19 21:00:00+00:00,2075.239990234375,3936.68994140625,57.71500015258789
2022-07-19 23:00:00+00:00,2075.239990234375,3936.68994140625,56.46500015258789
2022-07-20 04:00:00+00:00,2075.239990234375,3959.89990234375,56.46500015258789
2022-07-20 21:00:00+00:00,2053.639892578125,3959.89990234375,56.46500015258789
2022-07-20 23:00:00+00:00,2053.639892578125,3959.89990234375,54.9650993347168
2022-07-21 04:00:00+00:00,2053.639892578125,3998.949951171875,54.9650993347168
2022-07-21 21:00:00+00:00,2096.75,3998.949951171875,54.9650993347168
2022-07-21 23:00:00+00:00,2096.75,3998.949951171875,57.96500015258789
2022-07-22 04:00:00+00:00,2096.75,3961.6298828125,57.96500015258789
2022-07-24 21:00:00+00:00,2128.9599609375,3961.6298828125,57.96500015258789
2022-07-24 23:00:00+00:00,2128.9599609375,3961.6298828125,58.09000015258789
2022-07-25 04:00:00+00:00,2128.9599609375,3966.840087890625,58.09000015258789
2022-07-25 21:00:00+00:00,2192.419921875,3966.840087890625,58.09000015258789
2022-07-25 23:00:00+00:00,2192.419921875,3966.840087890625,58.46500015258789
2022-07-26 04:00:00+00:00,2192.419921875,3921.050048828125,58.46500015258789
2022-07-26 21:00:00+00:00,2196.219970703125,3921.050048828125,58.46500015258789
2022-07-26 23:00:00+00:00,2196.219970703125,3921.050048828125,60.09000015258789
2022-07-27 04:00:00+00:00,2196.219970703125,4023.610107421875,60.09000015258789
2022-07-27 21:00:00+00:00,2189.159912109375,4023.610107421875,60.09000015258789
2022-07-27 23:00:00+00:00,2189.159912109375,4023.610107421875,59.34000015258789
2022-07-28 04:00:00+00:00,2189.159912109375,4072.429931640625,59.34000015258789
2022-07-28 21:00:00+00:00,2213.81005859375,4072.429931640625,59.34000015258789
2022-07-28 23:00:00+00:00,2213.81005859375,4072.429931640625,62.46500015258789
2022-07-29 04:00:00+00:00,2213.81005859375,4130.2900390625,62.46500015258789
2022-07-31 21:00:00+00:00,2180.090087890625,4130.2900390625,62.46500015258789
2022-07-31 23:00:00+00:00,2180.090087890625,4130.2900390625,62.21500015258789
2022-08-01 04:00:00+00:00,2180.090087890625,4118.6298828125,62.21500015258789
2022-08-01 21:00:00+00:00,2137.300048828125,4118.6298828125,62.21500015258789
2022-08-01 23:00:00+00:00,2137.300048828125,4118.6298828125,60.16999816894531
2022-08-02 04:00:00+00:00,2137.300048828125,4091.18994140625,60.16999816894531
2022-08-02 21:00:00+00:00,2123.919921875,4091.18994140625,60.16999816894531
2022-08-02 23:00:00+00:00,2123.919921875,4091.18994140625,60.790000915527344
2022-08-03 04:00:00+00:00,2123.919921875,4155.169921875,60.790000915527344
2022-08-03 21:00:00+00:00,2116.580078125,4155.169921875,60.790000915527344
2022-08-03 23:00:00+00:00,2116.580078125,4155.169921875,62.68510055541992
2022-08-04 04:00:00+00:00,2116.580078125,4151.93994140625,62.68510055541992
2022-08-04 21:00:00+00:00,2054.2900390625,4151.93994140625,62.68510055541992
2022-08-04 23:00:00+00:00,2054.2900390625,4151.93994140625,61.46500015258789
2022-08-05 04:00:00+00:00,2054.2900390625,4145.18994140625,61.46500015258789
2022-08-07 21:00:00+00:00,2088.39990234375,4145.18994140625,61.46500015258789
2022-08-07 23:00:00+00:00,2088.39990234375,4145.18994140625,60.4900016784668
2022-08-08 04:00:00+00:00,2088.39990234375,4140.06005859375,60.4900016784668
2022-08-08 21:00:00+00:00,2136.800048828125,4140.06005859375,60.4900016784668
2022-08-08 23:00:00+00:00,2136.800048828125,4140.06005859375,61.84000015258789
2022-08-09 04:00:00+00:00,2136.800048828125,4122.47021484375,61.84000015258789
2022-08-09 21:00:00+00:00,2151.5,4122.47021484375,61.84000015258789
2022-08-09 23:00:00+00:00,2151.5,4122.47021484375,60.439998626708984
2022-08-10 04:00:00+00:00,2151.5,4210.240234375,60.439998626708984
2022-08-10 21:00:00+00:00,2133.110107421875,4210.240234375,60.439998626708984
2022-08-10 23:00:00+00:00,2133.110107421875,4210.240234375,61.46500015258789
2022-08-11 04:00:00+00:00,2133.110107421875,4207.27001953125,61.46500015258789
2022-08-11 21:00:00+00:00,2147.330078125,4207.27001953125,61.46500015258789
2022-08-11 23:00:00+00:00,2147.330078125,4207.27001953125,60.59000015258789
2022-08-12 04:00:00+00:00,2147.330078125,4280.14990234375,60.59000015258789
2022-08-14 21:00:00+00:00,2165.1201171875,4280.14990234375,60.59000015258789
2022-08-14 23:00:00+00:00,2165.1201171875,4280.14990234375,62.21500015258789
2022-08-15 04:00:00+00:00,2165.1201171875,4297.14013671875,62.21500015258789
2022-08-15 21:00:00+00:00,2208.330078125,4297.14013671875,62.21500015258789
2022-08-15 23:00:00+00:00,2208.330078125,4297.14013671875,60.5
2022-08-16 04:00:00+00:00,2208.330078125,4305.2001953125,60.5
2022-08-16 21:00:00+00:00,2188.56005859375,4305.2001953125,60.5
2022-08-16 23:00:00+00:00,2188.56005859375,4305.2001953125,61.46500015258789
2022-08-17 04:00:00+00:00,2188.56005859375,4274.0400390625,61.46500015258789
2022-08-17 21:00:00+00:00,2194.31005859375,4274.0400390625,61.46500015258789
2022-08-17 23:00:00+00:00,2194.31005859375,4274.0400390625,60.46500015258789
2022-08-18 04:00:00+00:00,2194.31005859375,4283.740234375,60.46500015258789
2022-08-18 21:00:00+00:00,2195.159912109375,4283.740234375,60.46500015258789
2022-08-18 23:00:00+00:00,2195.159912109375,4283.740234375,59.96500015258789
2022-08-19 04:00:00+00:00,2195.159912109375,4228.47998046875,59.96500015258789
2022-08-21 21:00:00+00:00,2228.110107421875,4228.47998046875,59.96500015258789
2022-08-21 23:00:00+00:00,2228.110107421875,4228.47998046875,59.46500015258789
2022-08-22 04:00:00+00:00,2228.110107421875,4137.990234375,59.46500015258789
2022-08-22 21:00:00+00:00,2260.080078125,4137.990234375,59.46500015258789
2022-08-22 23:00:00+00:00,2260.080078125,4137.990234375,60.09000015258789
2022-08-23 04:00:00+00:00,2260.080078125,4128.72998046875,60.09000015258789
2022-08-23 21:00:00+00:00,2248.219970703125,4128.72998046875,60.09000015258789
2022-08-23 23:00:00+00:00,2248.219970703125,4128.72998046875,60.21500015258789
2022-08-24 04:00:00+00:00,2248.219970703125,4140.77001953125,60.21500015258789
2022-08-24 21:00:00+00:00,2246.340087890625,4140.77001953125,60.21500015258789
2022-08-24 23:00:00+00:00,2246.340087890625,4140.77001953125,59.790000915527344
2022-08-25 04:00:00+00:00,2246.340087890625,4199.1201171875,59.790000915527344
2022-08-25 21:00:00+00:00,2268.889892578125,4199.1201171875,59.790000915527344
2022-08-25 23:00:00+00:00,2268.889892578125,4199.1201171875,60.34000015258789
2022-08-26 04:00:00+00:00,2268.889892578125,4057.659912109375,60.34000015258789
2022-08-28 21:00:00+00:00,2296.330078125,4057.659912109375,60.34000015258789
2022-08-28 23:00:00+00:00,2296.330078125,4057.659912109375,60.26499938964844
2022-08-29 04:00:00+00:00,2296.330078125,4030.610107421875,60.26499938964844
2022-08-29 21:00:00+00:00,2306.6201171875,4030.610107421875,60.26499938964844
2022-08-29 23:00:00+00:00,2306.6201171875,4030.610107421875,61.71500015258789
2022-08-30 04:00:00+00:00,2306.6201171875,3986.159912109375,61.71500015258789
2022-08-30 21:00:00+00:00,2400.080078125,3986.159912109375,61.71500015258789
2022-08-30 23:00:00+00:00,2400.080078125,3986.159912109375,59.96500015258789
2022-08-31 04:00:00+00:00,2400.080078125,3955.0,59.96500015258789
2022-08-31 21:00:00+00:00,2445.77001953125,3955.0,59.96500015258789
2022-08-31 23:00:00+00:00,2445.77001953125,3955.0,60.09000015258789
2022-09-01 04:00:00+00:00,2445.77001953125,3966.85009765625,60.09000015258789
2022-09-01 21:00:00+00:00,2471.449951171875,3966.85009765625,60.09000015258789
2022-09-01 23:00:00+00:00,2471.449951171875,3966.85009765625,60.17499923706055
2022-09-02 04:00:00+00:00,2471.449951171875,3924.260009765625,60.17499923706055
2022-09-04 21:00:00+00:00,2488.43994140625,3924.260009765625,60.17499923706055
2022-09-04 23:00:00+00:00,2488.43994140625,3924.260009765625,60.17499923706055
2022-09-05 21:00:00+00:00,2425.330078125,3924.260009765625,60.17499923706055
2022-09-05 23:00:00+00:00,2425.330078125,3924.260009765625,60.974998474121094
2022-09-06 04:00:00+00:00,2425.330078125,3908.18994140625,60.974998474121094
2022-09-06 21:00:00+00:00,2401.570068359375,3908.18994140625,60.974998474121094
2022-09-06 23:00:00+00:00,2401.570068359375,3908.18994140625,61.2400016784668
2022-09-07 04:00:00+00:00,2401.570068359375,3979.8701171875,61.2400016784668
2022-09-07 21:00:00+00:00,2390.27001953125,3979.8701171875,61.2400016784668
2022-09-07 23:00:00+00:00,2390.27001953125,3979.8701171875,64.26490020751953
2022-09-08 04:00:00+00:00,2390.27001953125,4006.179931640625,64.26490020751953
2022-09-08 21:00:00+00:00,2426.06005859375,4006.179931640625,64.26490020751953
2022-09-08 23:00:00+00:00,2426.06005859375,4006.179931640625,61.46500015258789
2022-09-09 04:00:00+00:00,2426.06005859375,4067.360107421875,61.46500015258789
2022-09-11 21:00:00+00:00,2449.64990234375,4067.360107421875,61.46500015258789
2022-09-11 23:00:00+00:00,2449.64990234375,4067.360107421875,62.185001373291016
2022-09-12 04:00:00+00:00,2449.64990234375,4110.41015625,62.185001373291016
2022-09-12 21:00:00+00:00,2446.889892578125,4110.41015625,62.185001373291016
2022-09-12 23:00:00+00:00,2446.889892578125,4110.41015625,59.625
2022-09-13 04:00:00+00:00,2446.889892578125,3932.68994140625,59.625
2022-09-13 21:00:00+00:00,2435.889892578125,3932.68994140625,59.625
2022-09-13 23:00:00+00:00,2435.889892578125,3932.68994140625,58.5
2022-09-14 04:00:00+00:00,2435.889892578125,3946.010009765625,58.5
2022-09-14 21:00:00+00:00,2446.590087890625,3946.010009765625,58.5
2022-09-14 23:00:00+00:00,2446.590087890625,3946.010009765625,59.689998626708984
2022-09-15 04:00:00+00:00,2446.590087890625,3901.35009765625,59.689998626708984
2022-09-15 21:00:00+00:00,2435.179931640625,3901.35009765625,59.689998626708984
2022-09-15 23:00:00+00:00,2435.179931640625,3901.35009765625,59.59000015258789
2022-09-16 04:00:00+00:00,2435.179931640625,3873.330078125,59.59000015258789
2022-09-18 21:00:00+00:00,2430.5400390625,3873.330078125,59.59000015258789
2022-09-18 23:00:00+00:00,2430.5400390625,3873.330078125,59.5
2022-09-19 04:00:00+00:00,2430.5400390625,3899.889892578125,59.5
2022-09-19 21:00:00+00:00,2215.669921875,3899.889892578125,59.5
2022-09-19 23:00:00+00:00,2215.669921875,3899.889892578125,60.040000915527344
2022-09-20 04:00:00+00:00,2215.669921875,3855.929931640625,60.040000915527344
2022-09-20 21:00:00+00:00,2130.7099609375,3855.929931640625,60.040000915527344
2022-09-20 23:00:00+00:00,2130.7099609375,3855.929931640625,60.400001525878906
2022-09-21 04:00:00+00:00,2130.7099609375,3789.929931640625,60.400001525878906
2022-09-21 21:00:00+00:00,2190.8701171875,3789.929931640625,60.400001525878906
2022-09-21 23:00:00+00:00,2190.8701171875,3789.929931640625,61.564998626708984
2022-09-22 04:00:00+00:00,2190.8701171875,3757.989990234375,61.564998626708984
2022-09-22 21:00:00+00:00,2089.8701171875,3757.989990234375,61.564998626708984
2022-09-22 23:00:00+00:00,2089.8701171875,3757.989990234375,61.46500015258789
2022-09-23 04:00:00+00:00,2089.8701171875,3693.22998046875,61.46500015258789
2022-09-25 21:00:00+00:00,1933.3499755859375,3693.22998046875,61.46500015258789
2022-09-25 23:00:00+00:00,1933.3499755859375,3693.22998046875,57.21500015258789
2022-09-26 04:00:00+00:00,1933.3499755859375,3655.0400390625,57.21500015258789
2022-09-26 21:00:00+00:00,1953.4599609375,3655.0400390625,57.21500015258789
2022-09-26 23:00:00+00:00,1953.4599609375,3655.0400390625,58.46500015258789
2022-09-27 04:00:00+00:00,1953.4599609375,3647.2900390625,58.46500015258789
2022-09-27 21:00:00+00:00,1963.8599853515625,3647.2900390625,58.46500015258789
2022-09-27 23:00:00+00:00,1963.8599853515625,3647.2900390625,58.8650016784668
2022-09-28 04:00:00+00:00,1963.8599853515625,3719.0400390625,58.8650016784668
2022-09-28 21:00:00+00:00,1953.77001953125,3719.0400390625,58.8650016784668
2022-09-28 23:00:00+00:00,1953.77001953125,3719.0400390625,58.41510009765625
2022-09-29 04:00:00+00:00,1953.77001953125,3640.469970703125,58.41510009765625
2022-09-29 21:00:00+00:00,1957.31005859375,3640.469970703125,58.41510009765625
2022-09-29 23:00:00+00:00,1957.31005859375,3640.469970703125,57.46500015258789
2022-09-30 04:00:00+00:00,1957.31005859375,3585.6201171875,57.46500015258789
2022-10-02 21:00:00+00:00,2041.9599609375,3585.6201171875,57.46500015258789
2022-10-02 23:00:00+00:00,2041.9599609375,3585.6201171875,60.21500015258789
2022-10-03 04:00:00+00:00,2041.9599609375,3678.429931640625,60.21500015258789
2022-10-03 21:00:00+00:00,2046.4200439453125,3678.429931640625,60.21500015258789
2022-10-03 23:00:00+00:00,2046.4200439453125,3678.429931640625,57.9900016784668
2022-10-04 04:00:00+00:00,2046.4200439453125,3790.929931640625,57.9900016784668
2022-10-04 21:00:00+00:00,2029.8800048828125,3790.929931640625,57.9900016784668
2022-10-04 23:00:00+00:00,2029.8800048828125,3790.929931640625,58.9900016784668
2022-10-05 04:00:00+00:00,2029.8800048828125,3783.280029296875,58.9900016784668
2022-10-05 21:00:00+00:00,2020.6300048828125,3783.280029296875,58.9900016784668
2022-10-05 23:00:00+00:00,2020.6300048828125,3783.280029296875,61.28990173339844
2022-10-06 04:00:00+00:00,2020.6300048828125,3744.52001953125,61.28990173339844
2022-10-06 21:00:00+00:00,1944.75,3744.52001953125,61.28990173339844
2022-10-06 23:00:00+00:00,1944.75,3744.52001953125,60.4900016784668
2022-10-07 04:00:00+00:00,1944.75,3639.659912109375,60.4900016784668
2022-10-09 21:00:00+00:00,1916.969970703125,3639.659912109375,60.4900016784668
2022-10-09 23:00:00+00:00,1916.969970703125,3639.659912109375,64.33499908447266
2022-10-10 04:00:00+00:00,1916.969970703125,3612.389892578125,64.33499908447266
2022-10-10 21:00:00+00:00,1949.4599609375,3612.389892578125,64.33499908447266
2022-10-10 23:00:00+00:00,1949.4599609375,3612.389892578125,61.96500015258789
2022-10-11 04:00:00+00:00,1949.4599609375,3588.840087890625,61.96500015258789
2022-10-11 21:00:00+00:00,1951.6500244140625,3588.840087890625,61.96500015258789
2022-10-11 23:00:00+00:00,1951.6500244140625,3588.840087890625,64.125
2022-10-12 04:00:00+00:00,1951.6500244140625,3577.030029296875,64.125
2022-10-12 21:00:00+00:00,1955.199951171875,3577.030029296875,64.125
2022-10-12 23:00:00+00:00,1955.199951171875,3577.030029296875,63.689998626708984
2022-10-13 04:00:00+00:00,1955.199951171875,3669.909912109375,63.689998626708984
2022-10-13 21:00:00+00:00,1950.97998046875,3669.909912109375,63.689998626708984
2022-10-13 23:00:00+00:00,1950.97998046875,3669.909912109375,63.964900970458984
2022-10-14 04:00:00+00:00,1950.97998046875,3583.070068359375,63.964900970458984
2022-10-16 21:00:00+00:00,2012.8499755859375,3583.070068359375,63.964900970458984
2022-10-16 23:00:00+00:00,2012.8499755859375,3583.070068359375,62.6150016784668
2022-10-17 04:00:00+00:00,2012.8499755859375,3677.949951171875,62.6150016784668
2022-10-17 21:00:00+00:00,2032.4000244140625,3677.949951171875,62.6150016784668
2022-10-17 23:00:00+00:00,2032.4000244140625,3677.949951171875,62.01499938964844
2022-10-18 04:00:00+00:00,2032.4000244140625,3719.97998046875,62.01499938964844
2022-10-18 21:00:00+00:00,1978.4000244140625,3719.97998046875,62.01499938964844
2022-10-18 23:00:00+00:00,1978.4000244140625,3719.97998046875,62.26499938964844
2022-10-19 04:00:00+00:00,1978.4000244140625,3695.159912109375,62.26499938964844
2022-10-19 21:00:00+00:00,2025.510009765625,3695.159912109375,62.26499938964844
2022-10-19 23:00:00+00:00,2025.510009765625,3695.159912109375,60.96500015258789
2022-10-20 04:00:00+00:00,2025.510009765625,3665.780029296875,60.96500015258789
2022-10-20 21:00:00+00:00,2043.7099609375,3665.780029296875,60.96500015258789
2022-10-20 23:00:00+00:00,2043.7099609375,3665.780029296875,61.6150016784668
2022-10-21 04:00:00+00:00,2043.7099609375,3752.75,61.6150016784668
2022-10-23 21:00:00+00:00,2063.949951171875,3752.75,61.6150016784668
2022-10-23 23:00:00+00:00,2063.949951171875,3752.75,61.6150016784668
2022-10-24 04:00:00+00:00,2063.949951171875,3797.340087890625,61.6150016784668
2022-10-24 21:00:00+00:00,2130.64990234375,3797.340087890625,61.6150016784668
2022-10-24 23:00:00+00:00,2130.64990234375,3797.340087890625,61.21500015258789
2022-10-25 04:00:00+00:00,2130.64990234375,3859.110107421875,61.21500015258789
2022-10-25 21:00:00+00:00,2120.580078125,3859.110107421875,61.21500015258789
2022-10-25 23:00:00+00:00,2120.580078125,3859.110107421875,62.21500015258789
2022-10-26 04:00:00+00:00,2120.580078125,3830.60009765625,62.21500015258789
2022-10-26 21:00:00+00:00,2164.639892578125,3830.60009765625,62.21500015258789
2022-10-26 23:00:00+00:00,2164.639892578125,3830.60009765625,61.2400016784668
2022-10-27 04:00:00+00:00,2164.639892578125,3807.300048828125,61.2400016784668
2022-10-27 21:00:00+00:00,2167.699951171875,3807.300048828125,61.2400016784668
2022-10-27 23:00:00+00:00,2167.699951171875,3807.300048828125,61.290000915527344
2022-10-28 04:00:00+00:00,2167.699951171875,3901.06005859375,61.290000915527344
2022-10-30 21:00:00+00:00,2166.610107421875,3901.06005859375,61.290000915527344
2022-10-31 00:00:00+00:00,2166.610107421875,3901.06005859375,61.4900016784668
2022-10-31 04:00:00+00:00,2166.610107421875,3871.97998046875,61.4900016784668
2022-10-31 21:00:00+00:00,2174.35009765625,3871.97998046875,61.4900016784668
2022-11-01 00:00:00+00:00,2174.35009765625,3871.97998046875,62.01499938964844
2022-11-01 04:00:00+00:00,2174.35009765625,3856.10009765625,62.01499938964844
2022-11-01 21:00:00+00:00,2173.840087890625,3856.10009765625,62.01499938964844
2022-11-02 00:00:00+00:00,2173.840087890625,3856.10009765625,61.714900970458984
2022-11-02 04:00:00+00:00,2173.840087890625,3759.68994140625,61.714900970458984
2022-11-02 21:00:00+00:00,2155.919921875,3759.68994140625,61.714900970458984
2022-11-03 00:00:00+00:00,2155.919921875,3759.68994140625,61.665000915527344
2022-11-03 04:00:00+00:00,2155.919921875,3719.889892578125,61.665000915527344
2022-11-04 00:00:00+00:00,2155.919921875,3719.889892578125,62.314998626708984
2022-11-04 04:00:00+00:00,2155.919921875,3770.550048828125,62.314998626708984
2022-11-06 21:00:00+00:00,2208.780029296875,3770.550048828125,62.314998626708984
2022-11-07 00:00:00+00:00,2208.780029296875,3770.550048828125,61.96500015258789
2022-11-07 05:00:00+00:00,2208.780029296875,3806.800048828125,61.96500015258789
2022-11-07 21:00:00+00:00,2207.199951171875,3806.800048828125,61.96500015258789
2022-11-08 00:00:00+00:00,2207.199951171875,3806.800048828125,63.165000915527344
2022-11-08 05:00:00+00:00,2207.199951171875,3828.110107421875,63.165000915527344
2022-11-08 21:00:00+00:00,2166.56005859375,3828.110107421875,63.165000915527344
2022-11-09 00:00:00+00:00,2166.56005859375,3828.110107421875,60.939998626708984
2022-11-09 05:00:00+00:00,2166.56005859375,3748.570068359375,60.939998626708984
2022-11-09 21:00:00+00:00,2210.02001953125,3748.570068359375,60.939998626708984
2022-11-10 00:00:00+00:00,2210.02001953125,3748.570068359375,61.6150016784668
2022-11-10 05:00:00+00:00,2210.02001953125,3956.3701171875,61.6150016784668
2022-11-10 21:00:00+00:00,2217.43994140625,3956.3701171875,61.6150016784668
2022-11-11 00:00:00+00:00,2217.43994140625,3956.3701171875,60.71500015258789
2022-11-11 05:00:00+00:00,2217.43994140625,3992.929931640625,60.71500015258789
2022-11-13 21:00:00+00:00,2244.77001953125,3992.929931640625,60.71500015258789
2022-11-14 00:00:00+00:00,2244.77001953125,3992.929931640625,60.51499938964844
2022-11-14 05:00:00+00:00,2244.77001953125,3957.25,60.51499938964844
2022-11-14 21:00:00+00:00,2223.260009765625,3957.25,60.51499938964844
2022-11-15 00:00:00+00:00,2223.260009765625,3957.25,59.53499984741211
2022-11-15 05:00:00+00:00,2223.260009765625,3991.72998046875,59.53499984741211
2022-11-15 21:00:00+00:00,2227.18994140625,3991.72998046875,59.53499984741211
2022-11-16 00:00:00+00:00,2227.18994140625,3991.72998046875,61.3651008605957
2022-11-16 05:00:00+00:00,2227.18994140625,3958.7900390625,61.3651008605957
2022-11-16 21:00:00+00:00,2212.929931640625,3958.7900390625,61.3651008605957
2022-11-17 00:00:00+00:00,2212.929931640625,3958.7900390625,60.7400016784668
2022-11-17 05:00:00+00:00,2212.929931640625,3946.56005859375,60.7400016784668
2022-11-17 21:00:00+00:00,2206.320068359375,3946.56005859375,60.7400016784668
2022-11-18 00:00:00+00:00,2206.320068359375,3946.56005859375,60.3650016784668
2022-11-18 05:00:00+00:00,2206.320068359375,3965.340087890625,60.3650016784668
2022-11-20 21:00:00+00:00,2166.31005859375,3965.340087890625,60.3650016784668
2022-11-21 00:00:00+00:00,2166.31005859375,3965.340087890625,60.814998626708984
2022-11-21 05:00:00+00:00,2166.31005859375,3949.93994140625,60.814998626708984
2022-11-21 21:00:00+00:00,2196.0400390625,3949.93994140625,60.814998626708984
2022-11-22 00:00:00+00:00,2196.0400390625,3949.93994140625,60.625
2022-11-22 05:00:00+00:00,2196.0400390625,4003.580078125,60.625
2022-11-22 21:00:00+00:00,2211.889892578125,4003.580078125,60.625
2022-11-23 00:00:00+00:00,2211.889892578125,4003.580078125,60.630001068115234
2022-11-23 05:00:00+00:00,2211.889892578125,4027.260009765625,60.630001068115234
2022-11-23 21:00:00+00:00,2210.949951171875,4027.260009765625,60.630001068115234
2022-11-24 00:00:00+00:00,2210.949951171875,4027.260009765625,60.76499938964844
2022-11-24 21:00:00+00:00,2195.169921875,4027.260009765625,60.76499938964844
2022-11-25 00:00:00+00:00,2195.169921875,4027.260009765625,60.33000183105469
2022-11-25 05:00:00+00:00,2195.169921875,4026.1201171875,60.33000183105469
2022-11-27 21:00:00+00:00,2177.449951171875,4026.1201171875,60.33000183105469
2022-11-28 00:00:00+00:00,2177.449951171875,4026.1201171875,60.46500015258789
2022-11-28 05:00:00+00:00,2177.449951171875,3963.93994140625,60.46500015258789
2022-11-28 21:00:00+00:00,2185.320068359375,3963.93994140625,60.46500015258789
2022-11-29 00:00:00+00:00,2185.320068359375,3963.93994140625,61.814998626708984
2022-11-29 05:00:00+00:00,2185.320068359375,3957.6298828125,61.814998626708984
2022-11-29 21:00:00+00:00,2174.530029296875,3957.6298828125,61.814998626708984
2022-11-30 00:00:00+00:00,2174.530029296875,3957.6298828125,60.810001373291016
2022-11-30 05:00:00+00:00,2174.530029296875,4080.110107421875,60.810001373291016
2022-11-30 21:00:00+00:00,2187.2900390625,4080.110107421875,60.810001373291016
2022-12-01 00:00:00+00:00,2187.2900390625,4080.110107421875,60.9900016784668
2022-12-01 05:00:00+00:00,2187.2900390625,4076.570068359375,60.9900016784668
2022-12-01 21:00:00+00:00,2180.43994140625,4076.570068359375,60.9900016784668
2022-12-02 00:00:00+00:00,2180.43994140625,4076.570068359375,61.18000030517578
2022-12-02 05:00:00+00:00,2180.43994140625,4071.699951171875,61.18000030517578
2022-12-04 21:00:00+00:00,2208.280029296875,4071.699951171875,61.18000030517578
2022-12-05 00:00:00+00:00,2208.280029296875,4071.699951171875,60.51499938964844
2022-12-05 05:00:00+00:00,2208.280029296875,3998.840087890625,60.51499938964844
2022-12-05 21:00:00+00:00,2196.239990234375,3998.840087890625,60.51499938964844
2022-12-06 00:00:00+00:00,2196.239990234375,3998.840087890625,60.51499938964844
2022-12-06 05:00:00+00:00,2196.239990234375,3941.260009765625,60.51499938964844
2022-12-06 21:00:00+00:00,2192.8798828125,3941.260009765625,60.51499938964844
2022-12-07 00:00:00+00:00,2192.8798828125,3941.260009765625,60.51499938964844
2022-12-07 05:00:00+00:00,2192.8798828125,3933.919921875,60.51499938964844
2022-12-07 21:00:00+00:00,2184.429931640625,3933.919921875,60.51499938964844
2022-12-08 00:00:00+00:00,2184.429931640625,3933.919921875,63.464900970458984
2022-12-08 05:00:00+00:00,2184.429931640625,3963.510009765625,63.464900970458984
2022-12-08 21:00:00+00:00,2177.85009765625,3963.510009765625,63.464900970458984
2022-12-09 00:00:00+00:00,2177.85009765625,3963.510009765625,63.3650016784668
2022-12-09 05:00:00+00:00,2177.85009765625,3934.3798828125,63.3650016784668
2022-12-11 21:00:00+00:00,2173.159912109375,3934.3798828125,63.3650016784668
2022-12-12 00:00:00+00:00,2173.159912109375,3934.3798828125,62.47999954223633
2022-12-12 05:00:00+00:00,2173.159912109375,3990.56005859375,62.47999954223633
2022-12-12 21:00:00+00:00,2174.3798828125,3990.56005859375,62.47999954223633
2022-12-13 00:00:00+00:00,2174.3798828125,3990.56005859375,62.625
2022-12-13 05:00:00+00:00,2174.3798828125,4019.64990234375,62.625
2022-12-13 21:00:00+00:00,2159.81005859375,4019.64990234375,62.625
2022-12-14 00:00:00+00:00,2159.81005859375,4019.64990234375,63.18000030517578
2022-12-14 05:00:00+00:00,2159.81005859375,3995.320068359375,63.18000030517578
2022-12-14 21:00:00+00:00,2126.800048828125,3995.320068359375,63.18000030517578
2022-12-15 00:00:00+00:00,2126.800048828125,3995.320068359375,64.71499633789062
2022-12-15 05:00:00+00:00,2126.800048828125,3895.75,64.71499633789062
2022-12-15 21:00:00+00:00,2132.75,3895.75,64.71499633789062
2022-12-16 00:00:00+00:00,2132.75,3895.75,64.61499786376953
2022-12-16 05:00:00+00:00,2132.75,3852.360107421875,64.61499786376953
2022-12-18 21:00:00+00:00,2129.97998046875,3852.360107421875,64.61499786376953
2022-12-19 00:00:00+00:00,2129.97998046875,3852.360107421875,64.83999633789062
2022-12-19 05:00:00+00:00,2129.97998046875,3817.659912109375,64.83999633789062
2022-12-19 21:00:00+00:00,2119.3701171875,3817.659912109375,64.83999633789062
2022-12-20 00:00:00+00:00,2119.3701171875,3817.659912109375,69.71499633789062
2022-12-20 05:00:00+00:00,2119.3701171875,3821.6201171875,69.71499633789062
2022-12-20 21:00:00+00:00,2116.1298828125,3821.6201171875,69.71499633789062
2022-12-21 00:00:00+00:00,2116.1298828125,3821.6201171875,69.25
2022-12-21 05:00:00+00:00,2116.1298828125,3878.43994140625,69.25
2022-12-21 21:00:00+00:00,2122.909912109375,3878.43994140625,69.25
2022-12-22 00:00:00+00:00,2122.909912109375,3878.43994140625,73.21499633789062
2022-12-22 05:00:00+00:00,2122.909912109375,3822.389892578125,73.21499633789062
2022-12-22 21:00:00+00:00,2124.02001953125,3822.389892578125,73.21499633789062
2022-12-23 00:00:00+00:00,2124.02001953125,3822.389892578125,68.21499633789062
2022-12-23 05:00:00+00:00,2124.02001953125,3844.820068359375,68.21499633789062
2022-12-25 21:00:00+00:00,2139.2099609375,3844.820068359375,68.21499633789062
2022-12-26 00:00:00+00:00,2139.2099609375,3844.820068359375,70.21499633789062
2022-12-26 21:00:00+00:00,2150.919921875,3844.820068359375,70.21499633789062
2022-12-27 00:00:00+00:00,2150.919921875,3844.820068359375,68.33000183105469
2022-12-27 05:00:00+00:00,2150.919921875,3829.25,68.33000183105469
2022-12-27 21:00:00+00:00,2139.77001953125,3829.25,68.33000183105469
2022-12-28 00:00:00+00:00,2139.77001953125,3829.25,69.96499633789062
2022-12-28 05:00:00+00:00,2139.77001953125,3783.219970703125,69.96499633789062
2022-12-28 21:00:00+00:00,2147.06005859375,3783.219970703125,69.96499633789062
2022-12-29 00:00:00+00:00,2147.06005859375,3783.219970703125,72.71499633789062
2022-12-29 05:00:00+00:00,2147.06005859375,3849.280029296875,72.71499633789062
2022-12-29 21:00:00+00:00,2154.1201171875,3849.280029296875,72.71499633789062
2022-12-30 00:00:00+00:00,2154.1201171875,3849.280029296875,73.96499633789062
2022-12-30 05:00:00+00:00,2154.1201171875,3839.5,73.96499633789062
